INSERT INTO school_cars (car_plate, brand, model, manufacture_year)
VALUES
('О000ОО00', 'Без', 'Авто', 2022), 
('А123АА77', 'Kia', 'Rio', 2019),
('Р456ОО77', 'Kia', 'Rio', 2020),
('Е789ММ77', 'Hyundai', 'Solaris', 2018),
('К123СС77', 'Hyundai', 'Solaris', 2019),
('Н456НН77', 'Volkswagen', 'Polo', 2020),
('О789РР77', 'Volkswagen', 'Polo', 2021),
('С123КС77', 'Skoda', 'Rapid', 2022),
('Т456МТ77', 'Skoda', 'Rapid', 2023),
('У789ЕР77', 'Daewoo', 'Matiz', 2016),
('А123НК77', 'Toyota', 'Corolla', 2020),
('К456КО77', 'Opel', 'Astra', 2019),
('Н789МК77', 'Renault', 'Sandero', 2021);

--select * from school_cars;

INSERT INTO students_groups(group_id)
VALUES (1), (2), (3);

--select * from students_groups;

INSERT INTO students(student_id, last_name, first_name, patronymic, group_id, email, inn)
VALUES
(1, 'Иванов', 'Иван', 'Александрович', 1, 'ivanov-ivan@mail.ru', '770000000001'),
(2, 'Петров', 'Сергей', 'Сергеевич', 1, 'petrov-sergei@gmail.com', '770000000002'),
(3, 'Смирнов', 'Алексей', 'Андреевич', 1, 'smirnov-aleksei@yandex.ru', '770000000003'),
(4, 'Попов', 'Михаил', 'Павлович', 1, 'popov-mikhail@rambler.ru', '770000000004'),
(5, 'Васильев', 'Дмитрий', 'Владимирович', 1, 'vasilev-dmitrii@bk.ru', '770000000005'),
(6, 'Федоров', 'Андрей', 'Константинович', 1, 'fedorov-andrei@mail.ru', '770000000006'),
(7, 'Сорокин', 'Евгений', 'Викторович', 1, 'sorokin-evgenii@yandex.ru', '770000000007'),
(8, 'Левин', 'Артем', 'Денисович', 1, 'levin-artem@gmail.com', '770000000008'),
(9, 'Николаев', 'Роман', 'Борисович', 1, 'nikolaev-roman@rambler.ru', '770000000009'),
(10, 'Семенов', 'Максим', 'Геннадьевич', 1, 'semenov-maksim@bk.ru', '770000000010'),
(11, 'Алексеев', 'Александр', 'Валерьевич', 2, 'alekseev-aleksandr@mail.ru', '770000000011'),
(12, 'Коваленко', 'Антон', 'Игоревич', 2, 'kovalenko-anton@yandex.ru', '770000000012'),
(13, 'Шестаков', 'Кирилл', 'Станиславович', 2, 'shestakov-kirill@rambler.ru', '770000000013'),
(14, 'Савельев', 'Владимир', 'Леонидович', 2, 'savelyev-vladimir@bk.ru', '770000000014'),
(15, 'Самохвалов', 'Степан', 'Дмитриевич', 2, 'samohvalov-stepan@mail.ru', '770000000015'),
(16, 'Chen', 'Yifeng', NULL, 2, 'chen-yifeng@gmail.com', '770000000016'), -- Китайские студент
(17, 'Lee', 'Seung-hyun', NULL, 2, 'lee-seunghyun@yahoo.co.kr', '770000000017'), -- Южнокорейский студент
(18, 'Sharma', 'Ankit', NULL, 2, 'sharma-ankit@hotmail.in', '770000000018'), -- Индийский студент
(19, 'Ishikawa', 'Naoki', NULL, 2, 'ishikawa-naoki@soramame.jp', '770000000019'), -- Японский студент
(20, 'Андреев', 'Денис', 'Игоревич', 2, 'andreev-denis@rambler.ru', '770000000020'),
(21, 'Петрова', 'Анна', 'Ивановна', 3, 'petrova-anna@mail.ru', '770000000021'),
(22, 'Смирнова', 'Ольга', 'Витальевна', 3, 'smirnova-olga@yandex.ru', '770000000022'),
(23, 'Попова', 'Марина', 'Петровна', 3, 'popova-marina@rambler.ru', '770000000023'),
(24, 'Васильева', 'Светлана', 'Георгиевна', 3, 'vasileva-svetlana@bk.ru', '770000000024'),
(25, 'Федорова', 'Дарья', 'Ростиславовна',3, 'fedorova-daria@mail.ru', '770000000025'),
(26, 'Сорокина', 'Инна', 'Анатольевна', 3, 'sorokina-inna@yandex.ru', '770000000026'),
(27, 'Львов', 'Арсен', 'Игнатьевич', 3, 'lvov-arsen@rambler.ru', '770000000027'),
(28, 'Морозов', 'Филипп', 'Леонидович', 3, 'morozov-filipp@bk.ru', '770000000028'),
(29, 'Черненко', 'Карина', 'Игоревна', 3, 'chernenko-karina@mail.ru', '770000000029'),
(30, 'Новиков', 'Эдуард', 'Владимирович', 3, 'novikov-eduard@yandex.ru', '770000000030');

--select * from students;

INSERT INTO graduates(last_name, first_name, patronymic)
VALUES
('Петров', 'Сергей', 'Сергеевич'),
('Смирнов', 'Алексей', 'Андреевич'),
('Попов', 'Михаил', 'Павлович'),
('Васильев', 'Дмитрий', 'Владимирович'),
('Федоров', 'Андрей', 'Константинович'),
('Сорокин', 'Евгений', 'Викторович'),
('Левин', 'Артем', 'Денисович'),
('Николаев', 'Роман', 'Борисович'),
('Семенов', 'Максим', 'Геннадьевич'),
('Алексеев', 'Александр', 'Валерьевич'),
('Коваленко', 'Антон', 'Игоревич'),
('Шестаков', 'Кирилл', 'Станиславович'),
('Савельев', 'Владимир', 'Леонидович'),
('Самохвалов', 'Степан', 'Дмитриевич'),
('Wang', 'Linlin', NULL), -- китайский выпускник
('Patel', 'Sanjay', NULL), -- индийский выпускник
('Tanaka', 'Ryosuke', NULL), -- японский выпускник
('Nguyen', 'Thuy', NULL), -- вьетнамский выпускник
('Petrovich', 'Marko', NULL); -- сербский выпускник

--select * from graduates;

INSERT INTO professors(professor_id, last_name, first_name, patronymic, experience_years)
VALUES
(1, 'Иванов', 'Иван', 'Александрович', 15),
(2, 'Петров', 'Сергей', 'Сергеевич', 20),
(3, 'Саркисян', 'Гарегин', 'Арташесович', 18),
(4, 'Давтян', 'Аваг', 'Варданович', 25),
(5, 'Маркосян', 'Виген', 'Албертович', 12),
(6, 'Федоров', 'Андрей', 'Константинович', 30),
(7, 'Сорокин', 'Евгений', 'Викторович', 10),
(8, 'Мелконян', 'Армен', 'Айказович', 22),
(9, 'Арутюнян', 'Арам', 'Артакович', 14), 
(10, 'Николаев', 'Роман', 'Борисович', 28),
(11, 'Алескерян', 'Акоп', 'Агабекович', 35), 
(12, 'Коваленко', 'Антон', 'Игоревич', 20),
(13, 'Шестаков', 'Кирилл', 'Станиславович', 16),
(14, 'Савельев', 'Владимир', 'Леонидович', 32),
(15, 'Самохвалов', 'Степан', 'Дмитриевич', 19),
(16, 'Львов', 'Арсен', 'Игнатьевич', 24),
(17, 'Морозов', 'Филипп', 'Леонидович', 27),
(18, 'Черненко', 'Карина', 'Игоревна', 30),
(19, 'Новиков', 'Эдуард', 'Владимирович', 38),
(20, 'Петрова', 'Анна', 'Ивановна', 17);

--select * from professors;

INSERT INTO employments(professor_id, employed_since, salary)
VALUES
(1, '2023-01-15', '75000'),
(2, '2023-03-20', '100000'),
(3, '2023-05-10', '80000'),
(4, '2023-07-01', '120000'),
(5, '2023-09-15', '65000'),
(6, '2023-11-20', '95000'),
(7, '2024-01-10', '60000'),
(8, '2024-03-01', '110000'),
(9, '2024-05-15', '70000'),
(10, '2024-07-20', '130000'),
(11, '2024-09-10', '150000'),
(12, '2024-11-01', '85000'),
(13, '2023-02-15', '75000'),
(14, '2023-04-20', '90000'),
(15, '2023-06-10', '65000'),
(16, '2023-08-01', '80000'),
(17, '2023-10-15', '105000'),
(18, '2023-12-20', '60000'),
(19, '2024-02-10', '125000'),
(20, '2024-04-01', '55000');

--select * from employments;

--delete from lessons where 1=1;
--truncate lessons restart identity;

INSERT INTO lessons(lesson_type, professor_id, student_id, group_id)
VALUES
('Теория', 19, 11, 2),
('Теория', 19, 12, 2),
('Теория', 19, 13, 2),
('Теория', 19, 14, 2),
('Теория', 19, 15, 2),
('Теория', 19, 16, 2),
('Теория', 19, 17, 2),
('Теория', 19, 18, 2),
('Теория', 19, 19, 2),
('Теория', 19, 20, 2),
('Практика', 19, 1, NULL),
('Практика', 9, 13, NULL),
('Практика', 17, 25, NULL),
('Практика', 14, 2, NULL),
('Практика', 1, 13, NULL),
('Практика', 11, 24, NULL),
('Практика', 13, 9, NULL),
('Практика', 2, 18, NULL),
('Практика', 5, 21, NULL),
('Практика', 10, 1, NULL),
('Практика', 18, 17, NULL),
('Практика', 14, 25, NULL),
('Практика', 10, 10, NULL),
('Практика', 7, 13, NULL),
('Практика', 11, 26, NULL),
('Практика', 8, 10, NULL),
('Практика', 11, 12, NULL),
('Практика', 15, 25, NULL),
('Практика', 19, 6, NULL),
('Практика', 18, 13, NULL),
('Практика', 14, 28, NULL),
('Практика', 7, 6, NULL),
('Практика', 13, 14, NULL),
('Практика', 2, 22, NULL),
('Практика', 10, 9, NULL),
('Практика', 13, 12, NULL),
('Практика', 1, 23, NULL),
('Практика', 18, 8, NULL),
('Практика', 3, 18, NULL),
('Практика', 6, 29, NULL),
('Практика', 4, 9, NULL),
('Практика', 3, 17, NULL),
('Практика', 20, 21, NULL),
('Практика', 10, 5, NULL),
('Практика', 6, 20, NULL),
('Практика', 19, 27, NULL),
('Практика', 10, 7, NULL),
('Практика', 9, 13, NULL),
('Практика', 17, 21, NULL),
('Практика', 4, 1, NULL),
('Практика', 16, 13, NULL),
('Практика', 5, 23, NULL),
('Практика', 4, 8, NULL),
('Практика', 12, 16, NULL),
('Практика', 10, 22, NULL),
('Практика', 17, 9, NULL),
('Практика', 13, 13, NULL),
('Практика', 10, 21, NULL),
('Практика', 17, 8, NULL),
('Практика', 17, 18, NULL),
('Практика', 1, 22, NULL),
('Практика', 11, 9, NULL),
('Практика', 12, 11, NULL),
('Практика', 1, 26, NULL),
('Практика', 10, 9, NULL),
('Практика', 16, 19, NULL),
('Практика', 11, 24, NULL),
('Практика', 1, 7, NULL),
('Практика', 6, 11, NULL),
('Практика', 12, 23, NULL),
('Теория', 15, 1, 1),
('Теория', 15, 2, 1),
('Теория', 15, 3, 1),
('Теория', 15, 4, 1),
('Теория', 15, 5, 1),
('Теория', 15, 6, 1),
('Теория', 15, 7, 1),
('Теория', 15, 8, 1),
('Теория', 15, 9, 1),
('Теория', 15, 10, 1),
('Практика', 4, 5, NULL),
('Практика', 19, 13, NULL),
('Практика', 16, 28, NULL),
('Практика', 15, 4, NULL),
('Практика', 3, 19, NULL),
('Практика', 9, 25, NULL),
('Практика', 9, 9, NULL),
('Практика', 10, 13, NULL),
('Практика', 8, 30, NULL),
('Практика', 8, 1, NULL),
('Практика', 1, 12, NULL),
('Практика', 11, 25, NULL),
('Практика', 13, 3, NULL),
('Практика', 20, 13, NULL),
('Практика', 16, 26, NULL),
('Практика', 20, 10, NULL),
('Практика', 15, 11, NULL),
('Практика', 18, 25, NULL),
('Практика', 5, 3, NULL),
('Практика', 3, 12, NULL),
('Практика', 3, 22, NULL),
('Практика', 8, 10, NULL),
('Практика', 9, 19, NULL),
('Практика', 13, 30, NULL),
('Практика', 12, 7, NULL),
('Практика', 18, 19, NULL),
('Практика', 6, 24, NULL),
('Практика', 12, 4, NULL),
('Практика', 9, 11, NULL),
('Практика', 7, 30, NULL),
('Практика', 8, 2, NULL),
('Практика', 9, 12, NULL),
('Практика', 17, 22, NULL),
('Практика', 6, 8, NULL),
('Практика', 15, 18, NULL),
('Практика', 17, 27, NULL),
('Практика', 20, 5, NULL),
('Практика', 1, 16, NULL),
('Практика', 4, 30, NULL),
('Практика', 17, 6, NULL),
('Практика', 8, 14, NULL),
('Практика', 19, 23, NULL),
('Практика', 3, 9, NULL),
('Практика', 10, 13, NULL),
('Практика', 18, 26, NULL),
('Практика', 17, 8, NULL),
('Практика', 11, 14, NULL),
('Практика', 9, 30, NULL),
('Практика', 12, 9, NULL),
('Практика', 20, 17, NULL),
('Практика', 4, 28, NULL),
('Практика', 19, 5, NULL),
('Практика', 7, 15, NULL),
('Практика', 20, 27, NULL),
('Практика', 3, 1, NULL),
('Практика', 15, 11, NULL),
('Практика', 19, 25, NULL),
('Практика', 3, 7, NULL),
('Практика', 18, 17, NULL),
('Практика', 19, 23, NULL),
('Теория', 17, 21, 3),
('Теория', 17, 22, 3),
('Теория', 17, 23, 3),
('Теория', 17, 24, 3),
('Теория', 17, 25, 3),
('Теория', 17, 26, 3),
('Теория', 17, 27, 3),
('Теория', 17, 28, 3),
('Теория', 17, 29, 3),
('Теория', 17, 30, 3),
('Практика', 16, 10, NULL),
('Практика', 20, 13, NULL),
('Практика', 15, 24, NULL),
('Практика', 18, 2, NULL),
('Практика', 8, 17, NULL),
('Практика', 12, 24, NULL),
('Практика', 7, 4, NULL),
('Практика', 13, 20, NULL),
('Практика', 20, 26, NULL),
('Практика', 6, 5, NULL),
('Практика', 4, 11, NULL),
('Практика', 9, 25, NULL),
('Практика', 15, 4, NULL),
('Практика', 11, 17, NULL),
('Практика', 14, 21, NULL),
('Практика', 7, 10, NULL),
('Практика', 5, 18, NULL),
('Практика', 9, 23, NULL),
('Практика', 4, 5, NULL),
('Практика', 8, 11, NULL),
('Практика', 16, 27, NULL),
('Практика', 12, 7, NULL),
('Практика', 19, 20, NULL),
('Практика', 16, 21, NULL),
('Практика', 4, 10, NULL),
('Практика', 6, 16, NULL),
('Практика', 19, 28, NULL),
('Практика', 16, 6, NULL),
('Практика', 15, 17, NULL),
('Практика', 10, 23, NULL),
('Практика', 11, 6, NULL),
('Практика', 20, 18, NULL),
('Практика', 15, 26, NULL),
('Практика', 6, 10, NULL),
('Практика', 20, 19, NULL),
('Практика', 2, 26, NULL),
('Практика', 6, 10, NULL),
('Практика', 19, 13, NULL),
('Практика', 17, 21, NULL),
('Практика', 9, 6, NULL),
('Практика', 19, 18, NULL),
('Практика', 10, 28, NULL),
('Практика', 6, 6, NULL),
('Практика', 15, 20, NULL),
('Практика', 17, 26, NULL),
('Практика', 9, 3, NULL),
('Практика', 3, 19, NULL),
('Практика', 15, 27, NULL),
('Практика', 13, 2, NULL),
('Практика', 7, 19, NULL),
('Практика', 1, 30, NULL),
('Практика', 2, 8, NULL),
('Практика', 15, 15, NULL),
('Практика', 4, 21, NULL),
('Практика', 6, 3, NULL),
('Практика', 2, 13, NULL),
('Практика', 7, 24, NULL),
('Практика', 19, 9, NULL),
('Практика', 12, 20, NULL),
('Практика', 20, 28, NULL);